AgencyID,MaritalStatus,Age,Income,CreditRating,AddressLine1,Phone,Gender,NumberChildren,City,Country,LastName,FirstName,MiddleInitial,AddressLine2,PostalCode
Van53,S,6.0,66244.0,381.0,16176 vernon drive,1-135-391-9787,m,4.0,San Jose,United States of America,Van der,Janson,,,B8b 1z5
Pas204,,14.0,297444.0,,20871 dewdrop street,1-707-402-6121,,3.0,Rochester,Canada,Pascal,TINO,,APT. 630,84092
Mcb217,W,31.0,468116.0,642.0,18833 3rd park,1-482-305-5399,M,1.0,Anaheim,United States of America,Mcbeth,FARID,S,,06603
TAM244,M,18.0,24837.0,492.0,15621 yaupon lower,1-655-973-7192,F,0.0,Dawson City,United States of America,TAMARELLI,NADYA,W,,H2f 1z1
Ami260,U,91.0,499891.0,383.0,24268 hayden west,1-347-479-6259,f,4.0,Santa Rosa,United States of America,Amini,Lavinia,P,,92711
RAU355,M,65.0,432792.0,319.0,18313 5TH LANE,1-285-189-5251,,4.0,Plano,United States of America,RAUD,Aloysia,L,,90150
zim376,U,10.0,104354.0,558.0,20405 DOWLEN NORTH,1-572-985-7236,m,4.0,Chicago,United States of America,zimmermann,KALI,K,,10017
Too570,U,82.0,142598.0,,291 sheriden street,,,2.0,Fargo,United States of America,Toothman,Hortense,B,,77268
Sni646,M,34.0,,817.0,9902 altamesa park,1-529-239-4883,,2.0,Tempe,United States of America,Snider,Duncan,L,,90148
don654,W,73.0,316933.0,,13456 stan hope upper,1-642-262-4957,m,1.0,Richmond,United States of America,donleycott,Mirabelle,D,,78222
ban714,M,68.0,314603.0,608.0,11057 andrews west,1-420-307-8906,,1.0,Charlotte,United States of America,bankhead,FANNI,A,,E7n 1j4
Wic761,M,97.0,456490.0,,3406 kiel north,1-562-326-8511,,3.0,Plano,United States of America,Wichman,ISSI,,,60707
HOC769,U,95.0,,815.0,6097 SCOTCH BOULEVARD,1-431-145-9470,,3.0,Lexington,Canada,HOCUTT,Bart,,,94499
sch794,S,95.0,170006.0,300.0,16279 anaconda drive,1-033-650-8500,,5.0,Hialeah,Canada,schmadtke,FERIDOUN,X,,v6e 1q7
and829,M,73.0,98119.0,363.0,17261 alpine upper,1-741-740-2437,F,4.0,Fort Collins,United States of America,andreasen,Nenad,,suite 292,H5i 1r5
Ala839,M,66.0,213126.0,488.0,6156 HOLMES COURT,,,5.0,Mobile,United States of America,Alary,DENNI,H,,16508
Pkd841,M,18.0,392617.0,835.0,7458 denton boulevard,1-723-961-7810,d,,San Bernardino,Canada,Pkdcd,Jean-pierre,,,V6j 1s6
WIG914,U,85.0,173183.0,671.0,18699 potomac boulevard,1-546-260-9963,M,0.0,Huntington,United States of America,WIGGS,Samaria,U,,94350
TRA1024,U,93.0,399576.0,669.0,1524 drexel north,1-804-401-8128,F,4.0,Costa Mesa,United States of America,TRANSLATIONS,Dorthea,,,v6y 1u9
rai1145,U,76.0,429700.0,603.0,18591 CHAPIN ROAD,1-059-611-6783,F,5.0,Whitehorse,Canada,rainsforth,MARY-JO,Q,,85080
ste1275,M,11.0,104211.0,472.0,16047 linwood north,1-444-570-0151,,4.0,Salinas,United States of America,sterian,KESSLEY,,,35895
fle1309,U,46.0,436686.0,477.0,18395 bledsoe boulevard,1-169-112-7924,,3.0,Dayton,United States of America,flewelling,Christoph,,,v6r 1v9
Van1334,M,78.0,455111.0,309.0,14705 waldemar boulevard,1-559-078-8057,f,3.0,St. Louis,United States of America,Van kessel,Arabel,,,78231
Mar1578,U,19.0,20419.0,825.0,23684 decatur street,1-694-213-2352,F,0.0,Windsor,Canada,Marlow,Reg,V,,B8B 1Z8
TUC1631,U,6.0,200441.0,847.0,24683 meadowlark boulevard,1-872-546-8088,,2.0,Fairbanks,United States of America,TUCKER,ernesto,C,,60612
Bou1719,S,3.0,478317.0,807.0,12416 lenwood lane,1-880-958-9657,,4.0,Paterson,United States of America,Bourlet,aniko,,,v6q 1s4
TOD1766,M,15.0,46312.0,432.0,24985 royal avenue,1-594-374-8446,f,4.0,El Monte,United States of America,TODO,KIAL,M,,M5g 1w6
att1794,M,60.0,112545.0,386.0,11287 oasis north,1-708-330-7398,,3.0,Brownsville,United States of America,attanasio,Chrissie,,,H6B 1X6
you1808,U,4.0,121686.0,445.0,22494 chimney rock avenue,1-852-028-8789,m,1.0,Naperville,United States of America,younes,Elwira,,,V6X 1S8
Hun1831,W,83.0,351308.0,774.0,15713 conier upper,1-868-299-6956,m,0.0,Montreal,United States of America,Hunter,annemarie,U,,94289
lei1869,M,,32286.0,800.0,10079 palm lane,1-332-026-7039,f,0.0,Hampton,United States of America,leitrick,Dominica,C,,74158
llo1908,W,84.0,484209.0,340.0,2923 navarro lower,1-122-431-9180,,4.0,Kitchener,United States of America,lloyd,Marci,,,80158
Iko1910,S,78.0,108574.0,830.0,20166 PRESIDO PARK,1-216-099-3048,,,Nashville,Canada,Ikotin,Georgette,I,,93813
Cro2009,S,91.0,299158.0,475.0,3690 plumb boulevard,1-114-249-6117,,1.0,Toledo,United States of America,Crowle,hsieh,,,B8a 1y6
Kuc2169,M,59.0,324115.0,761.0,16336 norwalk road,1-343-254-2428,,5.0,Warwick,United States of America,Kuchelmeister,Enrico,D,,t6d 1b2
Whi2256,M,48.0,373145.0,,12957 midway park,1-812-756-0264,M,2.0,Des Moines,United States of America,Whitt,Blake,,,99533
Gon2279,W,87.0,121694.0,504.0,15768 crestline east,1-285-100-0429,,5.0,Lewiston,United States of America,Goniotakis,franz,,,77072
TEE2280,M,23.0,194556.0,,15339 mccann road,1-952-134-8145,F,4.0,Alexandria,Canada,TEERDHALA,Zia,X,,20016
Nos2281,D,51.0,98424.0,364.0,22506 shelter drive,,,4.0,Rapid City,United States of America,Noseworthy,Erik,N,,60725
SHE2374,S,87.0,321730.0,324.0,493 day lane,1-980-766-6957,m,3.0,Cleveland,United States of America,SHERARD,Marie-jeanne,,suite 267,h2f 1v9
VID2405,M,89.0,418158.0,385.0,7455 clint rue,1-231-972-4877,,5.0,Riverside,United States of America,VIDMER,onida,,Apt. 707,V6o 1v4
tyd2761,M,46.0,48708.0,403.0,13904 MAHONIA BOULEVARD,1-477-145-8072,M,3.0,Greensboro,United States of America,tyda,amelita,,,19152
por2791,M,51.0,165611.0,497.0,7216 gates avenue,1-629-962-4095,M,1.0,Jacksonville,United States of America,porterfield,Carolina,J,,91766
gay2821,U,54.0,447132.0,363.0,453 RIVER TERRACE WEST,1-322-945-9351,,2.0,Abilene,United States of America,gaylord,bibbye,,,64123
Nag2914,D,84.0,94272.0,584.0,21889 TERRACE COURT,1-314-714-7328,,2.0,Portland,United States of America,Nagle,AGGIE,,,V5b 1m5
sch2944,M,93.0,37212.0,,2546 ashley way,1-310-142-4448,,0.0,Norfolk,United States of America,schittl,Mohamed,T,,95185
GOR2966,M,12.0,36490.0,669.0,24185 SHALLOWFORD LANE,1-922-393-6173,,2.0,Erie,United States of America,GORES,previn,,,13203
HOF2992,D,74.0,387153.0,634.0,20916 california north,1-736-713-7938,,,Missoula,United States of America,HOFSTEDE,MARYLIN,G,,A2B 1V1
Cop3036,U,94.0,469275.0,700.0,4633 palm east,1-493-627-5175,,0.0,Modesto,Canada,Copello,Marget,,,M1H 1Q3
DEC3104,M,68.0,226822.0,335.0,11867 davie north,1-615-328-9622,,0.0,Sandy,Canada,DECAPUA,Beatriz,,,y5c 1n8
Bob3116,M,38.0,455351.0,568.0,23007 wakeforest way,1-167-430-1078,,4.0,Dallas,United States of America,Bobar,LISE,,,73182
REI3117,,82.0,355096.0,635.0,24368 rutgers way,1-225-903-1599,m,0.0,Salem,United States of America,REILLY,DOMENICK,,suite 465,H7E 1T5
bug3441,M,39.0,165530.0,786.0,24160 star drive,1-055-659-1742,,4.0,St. Louis,United States of America,bugajski,ROBERTO,V,,90272
Dem3461,U,18.0,243695.0,459.0,20870 charthouse lane,1-976-508-3560,M,1.0,San Diego,United States of America,Dempsey,Correy,,,H5L 1O2
Rio3467,D,29.0,471478.0,424.0,22986 norfolk lane,1-457-187-4951,,5.0,Gary,United States of America,Riou,GENERAL,,,E7o 1o8
BAI3685,U,68.0,390526.0,602.0,7936 altamesa lane,1-949-789-1381,F,2.0,Baton Rouge,United States of America,BAILLARGEON,Madonna,,,33198
che3720,D,48.0,211947.0,482.0,18417 voss park,1-742-971-3742,,1.0,Salt Lake City,United States of America,chenier,ailina,I,,02120
Dal3769,D,100.0,32152.0,503.0,13276 westella upper,1-141-481-0128,,5.0,Fresno,United States of America,Dallas,Katharina,,,V6f 1u2
PER4145,M,97.0,305339.0,789.0,12818 strand park,1-185-897-7570,,1.0,Cleveland,United States of America,PERENYI,korry,,,V6N 1S8
Aza4399,U,82.0,351059.0,538.0,23057 broken oak avenue,,,1.0,Alexandria,Canada,Azarshahi,CRISTIAN,,,77223
Mus4471,M,54.0,119959.0,587.0,19412 broad lower,1-963-074-3240,m,4.0,Casper,United States of America,Mussar,MERRIDIE,F,,C2a 4w2
BVW4474,M,5.0,241731.0,802.0,20433 sun tree upper,1-106-575-0352,,0.0,Madison,Canada,BVWORKS,Felice,Y,,M4j 1n1
TOR4529,S,83.0,177651.0,635.0,13892 jennings road,1-976-516-7093,,0.0,Dallas,United States of America,TORRES,DUSAN,Q,,78415
Mcn4604,M,90.0,142124.0,325.0,1899 malden way,1-705-417-5158,,3.0,Tampa,United States of America,Mcnabb,sinh,U,,48153
Rjv4736,M,97.0,498765.0,767.0,chdxkvytntfhqjfqugzbukbonpndnh,1-444-440-9209,f,4.0,St. Catharines,United States of America,Rjvooicbxegkmjlnaccxeumxdsujfv,Jvihmkmpsvdmqkgnzwkhpvdgr,,Itggndsphrkvilxupsbnjnsbjklhtixiqygscqyhimnpgxcnyueisiwjwsejakkj,TEFRQKN
Kez4834,M,55.0,44993.0,692.0,xpimvrlmetevybrgpbni,1-826-280-3864,,,Halifax,United States of America,Kezwsyhhhjclxcqkz,futpzvh,I,yevvwqszvpekemvracrctbzuysj,LGIPYZJJ
PFW4844,M,45.0,318089.0,331.0,aaixdeiiwlnphzxgpero,1-350-554-0846,M,4.0,El Monte,United States of America,PFWPECZU,evnco,N,eafgykwjiqhbuwnffovfuspxtevcxsi,QEWEBOAJI
Usz4938,,25.0,373936.0,667.0,RIFDDFZJNTLUT,1-111-075-3723,F,1.0,San Diego,United States of America,Uszguzjwu,Sqwtkjenrhqjzembqhivkclz,h,ljzlzxwebaeodpkiimvwkhibsevglnavdjtmcntbpwcuwppjyrsidiovydtstb,cdcfav
YTH4952,W,33.0,122520.0,798.0,ygygkdwhhwmghblmyndptzrosuweqfjhet,1-995-300-8739,,4.0,St. Catharines,United States of America,YTHEHL,Cwbtdbhuebfmstkwrw,j,AULAKNUCMXFJVAI,DYWUEY
Hnl5073,W,67.0,387409.0,848.0,Nvhdavrubspkpqtgahxwclvcy,1-669-757-6747,M,0.0,Inglewood,United States of America,Hnlnlzgadhmfwwgptrdktrzgbf,Kcfrmajcdfbijvmy,,HUCKNFMKAVMRIRZ,dgkjvzgkg
tns5156,M,29.0,372365.0,603.0,PPWZVLVIJWOUFVWZLYPEWAKRCGUCUUJJBPDJOHVHNSPO,1-757-703-9681,F,5.0,Chicago,United States of America,tnsxth,Jrlywhtrwdjzwvzmdqjlsx,,GNPYVXMDDGFNRJHDPBUSSCZQ,Kiwmozrkfz
jlt5215,U,64.0,268759.0,825.0,PSOBMXUGOTBWTBTGHG,1-901-669-0908,,2.0,Edmonton,,jlteoggrnpobsogrghv,UOGBHVCQYPBSZXXIQKJOW,J,Hotwbeyujqfluygveilngbginevjqpxfnq,Ixbbwawn
ykv5246,M,,128125.0,332.0,Jfebvioyvxyazjyn,1-057-384-1396,,1.0,Garland,United States of America,ykvtzurgqqhoeowhorjujdidalrbj,Fejgpfgqevzwiwe,z,KPYRHCIXKILKQSDXQXOPXGUJDUCQO,XWKWDUVOCZKD
gdz5331,,9.0,499348.0,331.0,DKKNYFGWNLPQWXVKECFMUCKJUVSNMPJEPIT,1-967-079-6253,,5.0,Memphis,United States of America,gdzqldzmpquuucg,Zvknx,t,Yymszthnqlnqyhfzvfzwa,Cidlghq
NBO5425,M,37.0,93980.0,570.0,jenvikbjsdnsvzpildqvrxulnrlvfrfgvfbikpkkswichfjtllnckew,,,4.0,Savannah,Canada,NBOQHTAXKINNKHFETFCU,LVMQBRVPVXZPQVDEABNINUBSLADE,t,fvdvfsxhbwyeenlbsrzuuqbqieubbbjqtnseogydmkhvvdsrlxsxyptmch,gyigyehw
KFT5498,U,90.0,336426.0,758.0,LASVVRVHKUMLEPEHFCZTXAEEUCKPJZJXDRK,1-188-235-6615,m,4.0,Spokane,United States of America,KFTFNBVAQGQKVDISGCD,wpsjxjfqigcrzuuqfdlzxufvqti,B,Uubslmeqyiylhdzvndmvxbqxselulpdjskekhac,Behtpv
Mcl5551,S,80.0,301310.0,491.0,Fskrommjcqjkodz,1-253-162-3690,m,4.0,Miami,Canada,Mclurdsmjirewkckr,iblegikv,,Ohbhsikemecvyiajfafhenlwaxvvfdcumhuzxvbnihozjqyvljmthrahpktqymkmgcdhbroyqruafvbq,LSGDWXXO
Wpl5727,S,40.0,114859.0,403.0,edvccmrurkreengrvqtasudevvcl,1-817-078-8020,M,4.0,Allentown,,Wplfqgwfiruaobmivfbrnk,Lixelqavfnhrjikiatnxadbjzkvw,E,VTWVVKPGS,Xhuivx
the5753,M,91.0,377967.0,522.0,Ytfnyqdyiamxdblro,1-947-549-5163,,4.0,Ann Arbor,United States of America,themerazogddazied,Yzwhwnqzgta,D,qsgedxlezabyntuetawgjwqhyzualjgjzyewvplmrwqcawuq,abaag
Jhe5779,M,44.0,436004.0,652.0,Rtjohqidpdo,1-964-442-0566,,5.0,Charlottetown,United States of America,Jhevhqsnejvox,FJSAKNRGVVRBILDNILSVSOSOKLFC,m,HWIAXOQMTPORZDTBFBGJLOTRIAXGTMDKSEUIOMJCALJDRTBKNJCESKKJZVGAKUEEEYLJVTMOETLEME,Oqqidyxs
elz5873,S,7.0,364050.0,322.0,Ivhxuvksrkofqnmqkpblylhhpkbgpikevhmzqkywflbuaddnwjytpvknlzqli,1-213-492-0206,F,0.0,New Haven,United States of America,elzhhjxxoyimurcntbrgue,Ncputqewohoiazebg,,Xyxdhnridgvlbjlxphrqyyntuwykefhfhlejdzrsxoqtpkjtjlrctlkbgqpvxnler,Tocdzt
kkx5985,D,83.0,145939.0,726.0,Pctwqwyqskapesqifwhkemizmbnlzyaitpuldboei,,m,1.0,Berkeley,United States of America,kkxamohwoyailmbj,yewixmdus,,NQCLPDCDGVGBEFEFZBEECFNRWWMZCELT,Rklhgkdq
Xtp6042,D,0.0,394027.0,757.0,bhhuvrzcujbupwwodomrfunsymfmccsyxwiueglxiwpilvppxajtnjefbjyvnjlpzkojvkcuqdmqkur,1-194-259-6261,m,2.0,Thousand Oaks,United States of America,Xtpafjcpibnrtrbvvf,ZRZLMLDQSRLA,c,KEBMNKMLOSCGSWYSZEMEAUVLQFGHIQYHLSBMDNKYGPLWEZYUTNRNBPJLIIHSJELOPIFXHLUFQIHFMS,ibgkddhejuka
Xsb6076,M,10.0,38775.0,668.0,rbwhbny,1-245-331-4931,,4.0,Carrollton,United States of America,Xsbffwqjpyqsltqrr,NIVCCWMASHCW,H,ZUKZVAWXIXA,eptkmqhdpv
Vel6083,U,71.0,67601.0,740.0,Dzqepldsszkrdpgafsmuohjqqtjdmswgpncuwwsqkxskvuednydknscrsppfmdnzb,1-115-338-8148,,3.0,Atlanta,United States of America,Velmwadtiy,vtwnwdafmzlvozjwhwgiaximvyrqso,d,PDHHJAMV,Qdsmciqjm
Xuc6225,M,,235735.0,574.0,AFNTVBLRGELSZGBQBPEKIHWPZEWTODEQRRP,1-832-565-0702,,4.0,Providence,Canada,Xucbgtynarvqvgbortywovilwi,ytizmtfhbrwygkcpiuixsy,,GZHJWJXSSFHUL,nrlhr
Zrk6263,,90.0,378883.0,309.0,Invrvahpylfbmuikjfmigjurqzuovdgjjgwukwwdofqf,1-131-141-6157,,5.0,Tulsa,United States of America,Zrkuobqusxs,Yyetziuznzaozkvt,,Otafhmfgoqtxojgpmkfddhwtndcjhlisubt,Jqkwfbpujvn
ufp6341,M,88.0,25394.0,781.0,gquajwtkdprqytdbjeyeqofyoxxlrbqeiyvpwwvnjhpzhdzwpepowcaxgdhxdmsmucstdrssblv,1-736-279-0553,,3.0,Riverside,United States of America,ufpsol,TETWMLQXYQHIZAJNLNL,u,Ptklvbywvba,Bezufzk
Vvv6610,M,84.0,205965.0,556.0,Ajwiyowvaikldfsowemhmncnvtrhvfsqqi,1-865-361-9395,,2.0,Columbus,United States of America,Vvvtcddmyguezxfeguebioja,Uoxmwvcopbvdqfgblz,y,Wlvybamrkmydtnarzuexntwaeorbgoniiqponugwdcptknsbvanelbqeklbicwvnaqkiakuwq,
omc6620,D,,113951.0,730.0,Wkzmbgglvtfhbu,1-836-113-4994,m,,Anchorage,United States of America,omcwigjwkmdtblp,STKSJRYYVVJBFMKXSACLLYXEMOX,,lxwkkkyhuttlelwudbqghcwgwhjaezregbxpyaesevcaqbjbwiukiq,Bzmdrhtjn
Bwc6639,M,43.0,25754.0,668.0,PCESCVQLPZEANVZGNIKJOCNQUSPAPOMAFNIPXESXHSMNDLFSXJLPFGCWAT,1-169-644-0187,f,1.0,Erie,United States of America,Bwculhdqszgnc,Lsiqkgbwdigdbqamzwulfqeps,,Seilsrjb,JXMBZQSHSLB
Yux6803,U,62.0,59937.0,303.0,Stlwhrmszxuhfunvxuxbtiramjceubmdaxmcwuqrrbholvbrhfnmqrutof,1-710-647-6861,,,Yellow Knife,United States of America,Yuxxr,QBEIRQMGVF,,SWUALLJUUJOCVDPMOFVHWUPPFAICEGQOAGJTNHSJKWNPFRHPQIXKJXASNGGCCPN,Apewuvg
Wmb6842,M,100.0,27263.0,373.0,nxmifmlsjguvynypcidpuhpntpvspssoejnqitbugpvmqaonxzc,1-584-224-0824,f,0.0,Arlington,United States of America,Wmbyq,Wtcviciljgenqje,A,ISZPCOFKPXDZCHZPCGYMRIQH,XXYXDW
Vws6951,M,93.0,418312.0,527.0,Vbmfkrqyljfhfydbesqpgixirwertd,1-725-763-2596,,3.0,Regina,United States of America,Vwsesrcuq,ASMBWGSJJ,G,tztsrzbhutxy,Ifstorwqgm
Ijt7015,W,98.0,188356.0,506.0,Zclrgjhzeugrifkwqmfaanla,1-170-593-8432,,5.0,Providence,United States of America,Ijtoee,Fpygaob,,VZWIRBYGBTQJWNDIMFUGCHFVMEIAMAJVBZBFCKPZFAGOCNYSKPIBZRSXPVYVNEIWJNQULIPMWLMXMNHG,Nhlgdxedbpme
Ngv7068,S,42.0,465614.0,343.0,Slfzarexmtalgfnaluhdqrbpwshfrqkfapcrxibqxohkdghbtbahegjjeoosbezayrqnkvfzgrxn,1-823-049-3513,M,4.0,Pueblo,United States of America,Ngvnswvxwdukzmpmhrrjmjphquap,kconyemepudbamkpazxvxkgtpneop,,Xpljcwguihbnaprstpygodsvbsogcdxylrkhmjmjbvnhjgsrypppkspliryhmymjskaqosdfnyldzpd,Qwallozjzfl
JMC7107,M,56.0,374732.0,384.0,Jguinppekjarmwbinyflpnmvtoexpqfdfguqu,1-694-031-5319,,2.0,Flint,Canada,JMCRJRDZITBPDGKXHIIANKDZFJX,wzbaogabhvyanb,,FSINLUZAAKKGCOOJNZKQ,Cosnoypyfgd
heh7130,M,40.0,135659.0,491.0,jigwizmlcltxngvrnavtgfzxmmeormtmupbsktdptujajxjonhsxulayqrbkfe,1-522-656-1159,,5.0,Torrance,Canada,hehwwwtceerrwijpvfbeiwi,Ulgcnbfqjcpp,q,CYEDXQOYDQDRWGAK,LGLJBXLL
Xow7263,S,91.0,6345.0,406.0,Ngtmddzbuvdwwhfpehoxcqcmvllifyouommtjlonb,1-669-992-3228,,4.0,Bellevue,United States of America,Xowfx,VHADIPNEWPUSYHIKN,L,Njidomzu,xdzuocaej
vuc7318,M,5.0,346206.0,441.0,zkrxucbgudwzjbdi,1-581-424-9200,,3.0,Billings,United States of America,vucrytje,qzmmcxwcjliczddkj,R,amjeudkxbmsrphvymhmigbdzwsuemswlawcxqatqljslemsfzhxtqunhzjtbjjmf,ZVZAB
