AgencyID,LastName,FirstName,MiddleInitial,Gender,AddressLine1,AddressLine2,PostalCode,City,State,Country
Van53,Van der,Janson,,m,16176 vernon drive,,B8b 1z5,San Jose,NJ,United States of America
Pas204,Pascal,TINO,,,20871 dewdrop street,APT. 630,84092,Rochester,WI,Canada
Mcb217,Mcbeth,FARID,S,M,18833 3rd park,,06603,Anaheim,CO,United States of America
TAM244,TAMARELLI,NADYA,W,F,15621 yaupon lower,,H2f 1z1,Dawson City,NC,United States of America
Ami260,Amini,Lavinia,P,f,24268 hayden west,,92711,Santa Rosa,MI,United States of America
RAU355,RAUD,Aloysia,L,,18313 5TH LANE,,90150,Plano,ME,United States of America
zim376,zimmermann,KALI,K,m,20405 DOWLEN NORTH,,10017,Chicago,Saskatchewan,United States of America
Too570,Toothman,Hortense,B,,291 sheriden street,,77268,Fargo,MI,United States of America
Sni646,Snider,Duncan,L,,9902 altamesa park,,90148,Tempe,Alberta,United States of America
don654,donleycott,Mirabelle,D,m,13456 stan hope upper,,78222,Richmond,NH,United States of America
ban714,bankhead,FANNI,A,,11057 andrews west,,E7n 1j4,Charlotte,ID,United States of America
Wic761,Wichman,ISSI,,,3406 kiel north,,60707,Plano,WV,United States of America
HOC769,HOCUTT,Bart,,,6097 SCOTCH BOULEVARD,,94499,Lexington,MD,Canada
sch794,schmadtke,FERIDOUN,X,,16279 anaconda drive,,v6e 1q7,Hialeah,NV,Canada
and829,andreasen,Nenad,,F,17261 alpine upper,suite 292,H5i 1r5,Fort Collins,IL,United States of America
Ala839,Alary,DENNI,H,,6156 HOLMES COURT,,16508,Mobile,NE,United States of America
Pkd841,Pkdcd,Jean-pierre,,d,7458 denton boulevard,,V6j 1s6,San Bernardino,NM,Canada
WIG914,WIGGS,Samaria,U,M,18699 potomac boulevard,,94350,Huntington,MI,United States of America
TRA1024,TRANSLATIONS,Dorthea,,F,1524 drexel north,,v6y 1u9,Costa Mesa,AZ,United States of America
rai1145,rainsforth,MARY-JO,Q,F,18591 CHAPIN ROAD,,85080,Whitehorse,KY,Canada
ste1275,sterian,KESSLEY,,,16047 linwood north,,35895,Salinas,NM,United States of America
fle1309,flewelling,Christoph,,,18395 bledsoe boulevard,,v6r 1v9,Dayton,LA,United States of America
Van1334,Van kessel,Arabel,,f,14705 waldemar boulevard,,78231,St. Louis,NC,United States of America
Mar1578,Marlow,Reg,V,F,23684 decatur street,,B8B 1Z8,Windsor,MI,Canada
TUC1631,TUCKER,ernesto,C,,24683 meadowlark boulevard,,60612,Fairbanks,WA,United States of America
Bou1719,Bourlet,aniko,,,12416 lenwood lane,,v6q 1s4,Paterson,Prince Edward Island,United States of America
TOD1766,TODO,KIAL,M,f,24985 royal avenue,,M5g 1w6,El Monte,TN,United States of America
att1794,attanasio,Chrissie,,,11287 oasis north,,H6B 1X6,Brownsville,TX,United States of America
you1808,younes,Elwira,,m,22494 chimney rock avenue,,V6X 1S8,Naperville,TN,United States of America
Hun1831,Hunter,annemarie,U,m,15713 conier upper,,94289,Montreal,Ontario,United States of America
lei1869,leitrick,Dominica,C,f,10079 palm lane,,74158,Hampton,Manitoba,United States of America
llo1908,lloyd,Marci,,,2923 navarro lower,,80158,Kitchener,NV,United States of America
Iko1910,Ikotin,Georgette,I,,20166 PRESIDO PARK,,93813,Nashville,MT,Canada
Cro2009,Crowle,hsieh,,,3690 plumb boulevard,,B8a 1y6,Toledo,DE,United States of America
Kuc2169,Kuchelmeister,Enrico,D,,16336 norwalk road,,t6d 1b2,Warwick,KY,United States of America
Whi2256,Whitt,Blake,,M,12957 midway park,,99533,Des Moines,HI,United States of America
Gon2279,Goniotakis,franz,,,15768 crestline east,,77072,Lewiston,IA,United States of America
TEE2280,TEERDHALA,Zia,X,F,15339 mccann road,,20016,Alexandria,ID,Canada
Nos2281,Noseworthy,Erik,N,,22506 shelter drive,,60725,Rapid City,Saskatchewan,United States of America
SHE2374,SHERARD,Marie-jeanne,,m,493 day lane,suite 267,h2f 1v9,Cleveland,TX,United States of America
VID2405,VIDMER,onida,,,7455 clint rue,Apt. 707,V6o 1v4,Riverside,WA,United States of America
tyd2761,tyda,amelita,,M,13904 MAHONIA BOULEVARD,,19152,Greensboro,WY,United States of America
por2791,porterfield,Carolina,J,M,7216 gates avenue,,91766,Jacksonville,OH,United States of America
gay2821,gaylord,bibbye,,,453 RIVER TERRACE WEST,,64123,Abilene,MD,United States of America
Nag2914,Nagle,AGGIE,,,21889 TERRACE COURT,,V5b 1m5,Portland,PA,United States of America
sch2944,schittl,Mohamed,T,,2546 ashley way,,95185,Norfolk,Nova Scotia,United States of America
GOR2966,GORES,previn,,,24185 SHALLOWFORD LANE,,13203,Erie,AZ,United States of America
HOF2992,HOFSTEDE,MARYLIN,G,,20916 california north,,A2B 1V1,Missoula,OK,United States of America
Cop3036,Copello,Marget,,,4633 palm east,,M1H 1Q3,Modesto,Quebec,Canada
DEC3104,DECAPUA,Beatriz,,,11867 davie north,,y5c 1n8,Sandy,UT,Canada
Bob3116,Bobar,LISE,,,23007 wakeforest way,,73182,Dallas,ME,United States of America
REI3117,REILLY,DOMENICK,,m,24368 rutgers way,suite 465,H7E 1T5,Salem,Alberta,United States of America
bug3441,bugajski,ROBERTO,V,,24160 star drive,,90272,St. Louis,IN,United States of America
Dem3461,Dempsey,Correy,,M,20870 charthouse lane,,H5L 1O2,San Diego,NJ,United States of America
Rio3467,Riou,GENERAL,,,22986 norfolk lane,,E7o 1o8,Gary,MA,United States of America
BAI3685,BAILLARGEON,Madonna,,F,7936 altamesa lane,,33198,Baton Rouge,Saskatchewan,United States of America
che3720,chenier,ailina,I,,18417 voss park,,02120,Salt Lake City,Prince Edward Island,United States of America
Dal3769,Dallas,Katharina,,,13276 westella upper,,V6f 1u2,Fresno,OR,United States of America
PER4145,PERENYI,korry,,,12818 strand park,,V6N 1S8,Cleveland,British Columbia,United States of America
Aza4399,Azarshahi,CRISTIAN,,,23057 broken oak avenue,,77223,Alexandria,CT,Canada
Mus4471,Mussar,MERRIDIE,F,m,19412 broad lower,,C2a 4w2,Casper,TX,United States of America
BVW4474,BVWORKS,Felice,Y,,20433 sun tree upper,,M4j 1n1,Madison,IL,Canada
TOR4529,TORRES,DUSAN,Q,,13892 jennings road,,78415,Dallas,SC,United States of America
Mcn4604,Mcnabb,sinh,U,,1899 malden way,,48153,Tampa,SD,United States of America
Rjv4736,Rjvooicbxegkmjlnaccxeumxdsujfv,Jvihmkmpsvdmqkgnzwkhpvdgr,,f,chdxkvytntfhqjfqugzbukbonpndnh,Itggndsphrkvilxupsbnjnsbjklhtixiqygscqyhimnpgxcnyueisiwjwsejakkj,TEFRQKN,St. Catharines,NH,United States of America
Kez4834,Kezwsyhhhjclxcqkz,futpzvh,I,,xpimvrlmetevybrgpbni,yevvwqszvpekemvracrctbzuysj,LGIPYZJJ,Halifax,CT,United States of America
PFW4844,PFWPECZU,evnco,N,M,aaixdeiiwlnphzxgpero,eafgykwjiqhbuwnffovfuspxtevcxsi,QEWEBOAJI,El Monte,MT,United States of America
Usz4938,Uszguzjwu,Sqwtkjenrhqjzembqhivkclz,h,F,RIFDDFZJNTLUT,ljzlzxwebaeodpkiimvwkhibsevglnavdjtmcntbpwcuwppjyrsidiovydtstb,cdcfav,San Diego,OH,United States of America
YTH4952,YTHEHL,Cwbtdbhuebfmstkwrw,j,,ygygkdwhhwmghblmyndptzrosuweqfjhet,AULAKNUCMXFJVAI,DYWUEY,St. Catharines,TX,United States of America
Hnl5073,Hnlnlzgadhmfwwgptrdktrzgbf,Kcfrmajcdfbijvmy,,M,Nvhdavrubspkpqtgahxwclvcy,HUCKNFMKAVMRIRZ,dgkjvzgkg,Inglewood,Saskatchewan,United States of America
tns5156,tnsxth,Jrlywhtrwdjzwvzmdqjlsx,,F,PPWZVLVIJWOUFVWZLYPEWAKRCGUCUUJJBPDJOHVHNSPO,GNPYVXMDDGFNRJHDPBUSSCZQ,Kiwmozrkfz,Chicago,Saskatchewan,United States of America
jlt5215,jlteoggrnpobsogrghv,UOGBHVCQYPBSZXXIQKJOW,J,,PSOBMXUGOTBWTBTGHG,Hotwbeyujqfluygveilngbginevjqpxfnq,Ixbbwawn,Edmonton,CO,
ykv5246,ykvtzurgqqhoeowhorjujdidalrbj,Fejgpfgqevzwiwe,z,,Jfebvioyvxyazjyn,KPYRHCIXKILKQSDXQXOPXGUJDUCQO,XWKWDUVOCZKD,Garland,IN,United States of America
gdz5331,gdzqldzmpquuucg,Zvknx,t,,DKKNYFGWNLPQWXVKECFMUCKJUVSNMPJEPIT,Yymszthnqlnqyhfzvfzwa,Cidlghq,Memphis,TN,United States of America
NBO5425,NBOQHTAXKINNKHFETFCU,LVMQBRVPVXZPQVDEABNINUBSLADE,t,,jenvikbjsdnsvzpildqvrxulnrlvfrfgvfbikpkkswichfjtllnckew,fvdvfsxhbwyeenlbsrzuuqbqieubbbjqtnseogydmkhvvdsrlxsxyptmch,gyigyehw,Savannah,MN,Canada
KFT5498,KFTFNBVAQGQKVDISGCD,wpsjxjfqigcrzuuqfdlzxufvqti,B,m,LASVVRVHKUMLEPEHFCZTXAEEUCKPJZJXDRK,Uubslmeqyiylhdzvndmvxbqxselulpdjskekhac,Behtpv,Spokane,Quebec,United States of America
Mcl5551,Mclurdsmjirewkckr,iblegikv,,m,Fskrommjcqjkodz,Ohbhsikemecvyiajfafhenlwaxvvfdcumhuzxvbnihozjqyvljmthrahpktqymkmgcdhbroyqruafvbq,LSGDWXXO,Miami,RI,Canada
Wpl5727,Wplfqgwfiruaobmivfbrnk,Lixelqavfnhrjikiatnxadbjzkvw,E,M,edvccmrurkreengrvqtasudevvcl,VTWVVKPGS,Xhuivx,Allentown,NJ,
the5753,themerazogddazied,Yzwhwnqzgta,D,,Ytfnyqdyiamxdblro,qsgedxlezabyntuetawgjwqhyzualjgjzyewvplmrwqcawuq,abaag,Ann Arbor,VT,United States of America
Jhe5779,Jhevhqsnejvox,FJSAKNRGVVRBILDNILSVSOSOKLFC,m,,Rtjohqidpdo,HWIAXOQMTPORZDTBFBGJLOTRIAXGTMDKSEUIOMJCALJDRTBKNJCESKKJZVGAKUEEEYLJVTMOETLEME,Oqqidyxs,Charlottetown,FL,United States of America
elz5873,elzhhjxxoyimurcntbrgue,Ncputqewohoiazebg,,F,Ivhxuvksrkofqnmqkpblylhhpkbgpikevhmzqkywflbuaddnwjytpvknlzqli,Xyxdhnridgvlbjlxphrqyyntuwykefhfhlejdzrsxoqtpkjtjlrctlkbgqpvxnler,Tocdzt,New Haven,NC,United States of America
kkx5985,kkxamohwoyailmbj,yewixmdus,,m,Pctwqwyqskapesqifwhkemizmbnlzyaitpuldboei,NQCLPDCDGVGBEFEFZBEECFNRWWMZCELT,Rklhgkdq,Berkeley,UT,United States of America
Xtp6042,Xtpafjcpibnrtrbvvf,ZRZLMLDQSRLA,c,m,bhhuvrzcujbupwwodomrfunsymfmccsyxwiueglxiwpilvppxajtnjefbjyvnjlpzkojvkcuqdmqkur,KEBMNKMLOSCGSWYSZEMEAUVLQFGHIQYHLSBMDNKYGPLWEZYUTNRNBPJLIIHSJELOPIFXHLUFQIHFMS,ibgkddhejuka,Thousand Oaks,HI,United States of America
Xsb6076,Xsbffwqjpyqsltqrr,NIVCCWMASHCW,H,,rbwhbny,ZUKZVAWXIXA,eptkmqhdpv,Carrollton,NH,United States of America
Vel6083,Velmwadtiy,vtwnwdafmzlvozjwhwgiaximvyrqso,d,,Dzqepldsszkrdpgafsmuohjqqtjdmswgpncuwwsqkxskvuednydknscrsppfmdnzb,PDHHJAMV,Qdsmciqjm,Atlanta,AL,United States of America
Xuc6225,Xucbgtynarvqvgbortywovilwi,ytizmtfhbrwygkcpiuixsy,,,AFNTVBLRGELSZGBQBPEKIHWPZEWTODEQRRP,GZHJWJXSSFHUL,nrlhr,Providence,VT,Canada
Zrk6263,Zrkuobqusxs,Yyetziuznzaozkvt,,,Invrvahpylfbmuikjfmigjurqzuovdgjjgwukwwdofqf,Otafhmfgoqtxojgpmkfddhwtndcjhlisubt,Jqkwfbpujvn,Tulsa,NH,United States of America
ufp6341,ufpsol,TETWMLQXYQHIZAJNLNL,u,,gquajwtkdprqytdbjeyeqofyoxxlrbqeiyvpwwvnjhpzhdzwpepowcaxgdhxdmsmucstdrssblv,Ptklvbywvba,Bezufzk,Riverside,NH,United States of America
Vvv6610,Vvvtcddmyguezxfeguebioja,Uoxmwvcopbvdqfgblz,y,,Ajwiyowvaikldfsowemhmncnvtrhvfsqqi,Wlvybamrkmydtnarzuexntwaeorbgoniiqponugwdcptknsbvanelbqeklbicwvnaqkiakuwq,,Columbus,New Brunswick,United States of America
omc6620,omcwigjwkmdtblp,STKSJRYYVVJBFMKXSACLLYXEMOX,,m,Wkzmbgglvtfhbu,lxwkkkyhuttlelwudbqghcwgwhjaezregbxpyaesevcaqbjbwiukiq,Bzmdrhtjn,Anchorage,ID,United States of America
Bwc6639,Bwculhdqszgnc,Lsiqkgbwdigdbqamzwulfqeps,,f,PCESCVQLPZEANVZGNIKJOCNQUSPAPOMAFNIPXESXHSMNDLFSXJLPFGCWAT,Seilsrjb,JXMBZQSHSLB,Erie,WV,United States of America
Yux6803,Yuxxr,QBEIRQMGVF,,,Stlwhrmszxuhfunvxuxbtiramjceubmdaxmcwuqrrbholvbrhfnmqrutof,SWUALLJUUJOCVDPMOFVHWUPPFAICEGQOAGJTNHSJKWNPFRHPQIXKJXASNGGCCPN,Apewuvg,Yellow Knife,VT,United States of America
Wmb6842,Wmbyq,Wtcviciljgenqje,A,f,nxmifmlsjguvynypcidpuhpntpvspssoejnqitbugpvmqaonxzc,ISZPCOFKPXDZCHZPCGYMRIQH,XXYXDW,Arlington,NC,United States of America
Vws6951,Vwsesrcuq,ASMBWGSJJ,G,,Vbmfkrqyljfhfydbesqpgixirwertd,tztsrzbhutxy,Ifstorwqgm,Regina,VT,United States of America
Ijt7015,Ijtoee,Fpygaob,,,Zclrgjhzeugrifkwqmfaanla,VZWIRBYGBTQJWNDIMFUGCHFVMEIAMAJVBZBFCKPZFAGOCNYSKPIBZRSXPVYVNEIWJNQULIPMWLMXMNHG,Nhlgdxedbpme,Providence,Nova Scotia,United States of America
Ngv7068,Ngvnswvxwdukzmpmhrrjmjphquap,kconyemepudbamkpazxvxkgtpneop,,M,Slfzarexmtalgfnaluhdqrbpwshfrqkfapcrxibqxohkdghbtbahegjjeoosbezayrqnkvfzgrxn,Xpljcwguihbnaprstpygodsvbsogcdxylrkhmjmjbvnhjgsrypppkspliryhmymjskaqosdfnyldzpd,Qwallozjzfl,Pueblo,Newfoundland,United States of America
JMC7107,JMCRJRDZITBPDGKXHIIANKDZFJX,wzbaogabhvyanb,,,Jguinppekjarmwbinyflpnmvtoexpqfdfguqu,FSINLUZAAKKGCOOJNZKQ,Cosnoypyfgd,Flint,MA,Canada
heh7130,hehwwwtceerrwijpvfbeiwi,Ulgcnbfqjcpp,q,,jigwizmlcltxngvrnavtgfzxmmeormtmupbsktdptujajxjonhsxulayqrbkfe,CYEDXQOYDQDRWGAK,LGLJBXLL,Torrance,DC,Canada
Xow7263,Xowfx,VHADIPNEWPUSYHIKN,L,,Ngtmddzbuvdwwhfpehoxcqcmvllifyouommtjlonb,Njidomzu,xdzuocaej,Bellevue,TX,United States of America
vuc7318,vucrytje,qzmmcxwcjliczddkj,R,,zkrxucbgudwzjbdi,amjeudkxbmsrphvymhmigbdzwsuemswlawcxqatqljslemsfzhxtqunhzjtbjjmf,ZVZAB,Billings,AZ,United States of America
