AgencyID,AddressLine1,City,NetWorth,Country,Employer,LastName,FirstName,MiddleInitial,Gender,AddressLine2,PostalCode,State,Phone
Van53,16176 vernon drive,San Jose,,United States of America,A.O. Smith,Van der,Janson,,m,,B8b 1z5,NJ,1-135-391-9787
Pas204,20871 dewdrop street,Rochester,2617116.0,Canada,Lubrizol,Pascal,TINO,,,APT. 630,84092,WI,1-707-402-6121
Mcb217,18833 3rd park,Anaheim,2869995.0,United States of America,Occidental Petroleum,Mcbeth,FARID,S,M,,06603,CO,1-482-305-5399
TAM244,15621 yaupon lower,Dawson City,1487009.0,United States of America,Mueller Water Products,TAMARELLI,NADYA,W,F,,H2f 1z1,NC,1-655-973-7192
Ami260,24268 hayden west,Santa Rosa,1014586.0,United States of America,Cincinnati Financial,Amini,Lavinia,P,f,,92711,MI,1-347-479-6259
RAU355,18313 5TH LANE,Plano,1052954.0,United States of America,Western Digital,RAUD,Aloysia,L,,,90150,ME,1-285-189-5251
zim376,20405 DOWLEN NORTH,Chicago,661877.0,United States of America,L-3 Communications,zimmermann,KALI,K,m,,10017,Saskatchewan,1-572-985-7236
Too570,291 sheriden street,Fargo,2689466.0,United States of America,,Toothman,Hortense,B,,,77268,MI,
Sni646,9902 altamesa park,Tempe,385398.0,United States of America,Kla-Tencor,Snider,Duncan,L,,,90148,Alberta,1-529-239-4883
don654,13456 stan hope upper,Richmond,1993033.0,United States of America,Allegheny Technologies,donleycott,Mirabelle,D,m,,78222,NH,1-642-262-4957
ban714,11057 andrews west,Charlotte,,United States of America,Levi Strauss,bankhead,FANNI,A,,,E7n 1j4,ID,1-420-307-8906
Wic761,3406 kiel north,Plano,18237.0,United States of America,Priceline.com,Wichman,ISSI,,,,60707,WV,1-562-326-8511
HOC769,6097 SCOTCH BOULEVARD,Lexington,2535269.0,Canada,Dr Pepper Snapple Group,HOCUTT,Bart,,,,94499,MD,1-431-145-9470
sch794,16279 anaconda drive,Hialeah,1972593.0,Canada,Invacare,schmadtke,FERIDOUN,X,,,v6e 1q7,NV,1-033-650-8500
and829,17261 alpine upper,Fort Collins,2815906.0,United States of America,Wyeth,andreasen,Nenad,,F,suite 292,H5i 1r5,IL,1-741-740-2437
Ala839,6156 HOLMES COURT,Mobile,3163906.0,United States of America,Cognizant Technology Solutions,Alary,DENNI,H,,,16508,NE,
Pkd841,7458 denton boulevard,San Bernardino,,Canada,KB Home,Pkdcd,Jean-pierre,,d,,V6j 1s6,NM,1-723-961-7810
WIG914,18699 potomac boulevard,Huntington,2632755.0,United States of America,PG&E Corp.,WIGGS,Samaria,U,M,,94350,MI,1-546-260-9963
TRA1024,1524 drexel north,Costa Mesa,1577238.0,United States of America,WellPoint,TRANSLATIONS,Dorthea,,F,,v6y 1u9,AZ,1-804-401-8128
rai1145,18591 CHAPIN ROAD,Whitehorse,1241392.0,Canada,Tesoro,rainsforth,MARY-JO,Q,F,,85080,KY,1-059-611-6783
ste1275,16047 linwood north,Salinas,2578863.0,United States of America,Nalco Holding,sterian,KESSLEY,,,,35895,NM,1-444-570-0151
fle1309,18395 bledsoe boulevard,Dayton,1272562.0,United States of America,Valero Energy,flewelling,Christoph,,,,v6r 1v9,LA,1-169-112-7924
Van1334,14705 waldemar boulevard,St. Louis,3234538.0,United States of America,Biogen Idec,Van kessel,Arabel,,f,,78231,NC,1-559-078-8057
Mar1578,23684 decatur street,Windsor,644582.0,Canada,Consolidated Edison,Marlow,Reg,V,F,,B8B 1Z8,MI,1-694-213-2352
TUC1631,24683 meadowlark boulevard,Fairbanks,2269303.0,United States of America,Tenneco,TUCKER,ernesto,C,,,60612,WA,1-872-546-8088
Bou1719,12416 lenwood lane,Paterson,2173372.0,United States of America,Murphy Oil,Bourlet,aniko,,,,v6q 1s4,Prince Edward Island,1-880-958-9657
TOD1766,24985 royal avenue,El Monte,352144.0,United States of America,Foot Locker,TODO,KIAL,M,f,,M5g 1w6,TN,1-594-374-8446
att1794,11287 oasis north,Brownsville,1959769.0,United States of America,Mueller Water Products,attanasio,Chrissie,,,,H6B 1X6,TX,1-708-330-7398
you1808,22494 chimney rock avenue,Naperville,2161886.0,United States of America,Noble Energy,younes,Elwira,,m,,V6X 1S8,TN,1-852-028-8789
Hun1831,15713 conier upper,Montreal,1298229.0,United States of America,Westar Energy,Hunter,annemarie,U,m,,94289,Ontario,1-868-299-6956
lei1869,10079 palm lane,Hampton,1643864.0,United States of America,Metals USA Holdings,leitrick,Dominica,C,f,,74158,Manitoba,1-332-026-7039
llo1908,2923 navarro lower,Kitchener,3899231.0,United States of America,,lloyd,Marci,,,,80158,NV,1-122-431-9180
Iko1910,20166 PRESIDO PARK,Nashville,2757498.0,Canada,Bank of New York Mellon Corp.,Ikotin,Georgette,I,,,93813,MT,1-216-099-3048
Cro2009,3690 plumb boulevard,Toledo,1904325.0,United States of America,Hanover Insurance Group,Crowle,hsieh,,,,B8a 1y6,DE,1-114-249-6117
Kuc2169,16336 norwalk road,Warwick,425846.0,United States of America,Liberty Media,Kuchelmeister,Enrico,D,,,t6d 1b2,KY,1-343-254-2428
Whi2256,12957 midway park,Des Moines,707793.0,United States of America,eBay,Whitt,Blake,,M,,99533,HI,1-812-756-0264
Gon2279,15768 crestline east,Lewiston,3514932.0,United States of America,Genzyme,Goniotakis,franz,,,,77072,IA,1-285-100-0429
TEE2280,15339 mccann road,Alexandria,2224454.0,Canada,Insight Enterprises,TEERDHALA,Zia,X,F,,20016,ID,1-952-134-8145
Nos2281,22506 shelter drive,Rapid City,,United States of America,H&R Block,Noseworthy,Erik,N,,,60725,Saskatchewan,
SHE2374,493 day lane,Cleveland,3255930.0,United States of America,Coca-Cola,SHERARD,Marie-jeanne,,m,suite 267,h2f 1v9,TX,1-980-766-6957
VID2405,7455 clint rue,Riverside,1838539.0,United States of America,Graham Packaging,VIDMER,onida,,,Apt. 707,V6o 1v4,WA,1-231-972-4877
tyd2761,13904 MAHONIA BOULEVARD,Greensboro,2702576.0,United States of America,General Growth Properties,tyda,amelita,,M,,19152,WY,1-477-145-8072
por2791,7216 gates avenue,Jacksonville,709004.0,United States of America,Office Depot,porterfield,Carolina,J,M,,91766,OH,1-629-962-4095
gay2821,453 RIVER TERRACE WEST,Abilene,335576.0,United States of America,Aetna,gaylord,bibbye,,,,64123,MD,1-322-945-9351
Nag2914,21889 TERRACE COURT,Portland,612503.0,United States of America,Intuit,Nagle,AGGIE,,,,V5b 1m5,PA,1-314-714-7328
sch2944,2546 ashley way,Norfolk,3625645.0,United States of America,Intuit,schittl,Mohamed,T,,,95185,Nova Scotia,1-310-142-4448
GOR2966,24185 SHALLOWFORD LANE,Erie,,United States of America,Black & Decker,GORES,previn,,,,13203,AZ,1-922-393-6173
HOF2992,20916 california north,Missoula,1682874.0,United States of America,Teleflex,HOFSTEDE,MARYLIN,G,,,A2B 1V1,OK,1-736-713-7938
Cop3036,4633 palm east,Modesto,3219328.0,Canada,,Copello,Marget,,,,M1H 1Q3,Quebec,1-493-627-5175
DEC3104,11867 davie north,Sandy,1073970.0,Canada,Enersys,DECAPUA,Beatriz,,,,y5c 1n8,UT,1-615-328-9622
Bob3116,23007 wakeforest way,Dallas,807993.0,United States of America,Wells Fargo,Bobar,LISE,,,,73182,ME,1-167-430-1078
REI3117,24368 rutgers way,Salem,1949317.0,United States of America,NSTAR,REILLY,DOMENICK,,m,suite 465,H7E 1T5,Alberta,1-225-903-1599
bug3441,24160 star drive,St. Louis,613433.0,United States of America,Cognizant Technology Solutions,bugajski,ROBERTO,V,,,90272,IN,1-055-659-1742
Dem3461,20870 charthouse lane,San Diego,1238475.0,United States of America,MGM Mirage,Dempsey,Correy,,M,,H5L 1O2,NJ,1-976-508-3560
Rio3467,22986 norfolk lane,Gary,2413294.0,United States of America,,Riou,GENERAL,,,,E7o 1o8,MA,1-457-187-4951
BAI3685,7936 altamesa lane,Baton Rouge,2621848.0,United States of America,CUNA Mutual Group,BAILLARGEON,Madonna,,F,,33198,Saskatchewan,1-949-789-1381
che3720,18417 voss park,Salt Lake City,3401242.0,United States of America,Systemax,chenier,ailina,I,,,02120,Prince Edward Island,1-742-971-3742
Dal3769,13276 westella upper,Fresno,17438.0,United States of America,National Oilwell Varco,Dallas,Katharina,,,,V6f 1u2,OR,1-141-481-0128
PER4145,12818 strand park,Cleveland,1156747.0,United States of America,Arrow Electronics,PERENYI,korry,,,,V6N 1S8,British Columbia,1-185-897-7570
Aza4399,23057 broken oak avenue,Alexandria,446039.0,Canada,Wesco International,Azarshahi,CRISTIAN,,,,77223,CT,
Mus4471,19412 broad lower,Casper,1756876.0,United States of America,,Mussar,MERRIDIE,F,m,,C2a 4w2,TX,1-963-074-3240
BVW4474,20433 sun tree upper,Madison,3166324.0,Canada,Inergy Holdings,BVWORKS,Felice,Y,,,M4j 1n1,IL,1-106-575-0352
TOR4529,13892 jennings road,Dallas,33980.0,United States of America,,TORRES,DUSAN,Q,,,78415,SC,1-976-516-7093
Mcn4604,1899 malden way,Tampa,1602611.0,United States of America,Duke Energy,Mcnabb,sinh,U,,,48153,SD,1-705-417-5158
Rjv4736,chdxkvytntfhqjfqugzbukbonpndnh,St. Catharines,433506.0,United States of America,Constellation Energy,Rjvooicbxegkmjlnaccxeumxdsujfv,Jvihmkmpsvdmqkgnzwkhpvdgr,,f,Itggndsphrkvilxupsbnjnsbjklhtixiqygscqyhimnpgxcnyueisiwjwsejakkj,TEFRQKN,NH,1-444-440-9209
Kez4834,xpimvrlmetevybrgpbni,Halifax,1498851.0,United States of America,CME Group,Kezwsyhhhjclxcqkz,futpzvh,I,,yevvwqszvpekemvracrctbzuysj,LGIPYZJJ,CT,1-826-280-3864
PFW4844,aaixdeiiwlnphzxgpero,El Monte,3386054.0,United States of America,Armstrong World Industries,PFWPECZU,evnco,N,M,eafgykwjiqhbuwnffovfuspxtevcxsi,QEWEBOAJI,MT,1-350-554-0846
Usz4938,RIFDDFZJNTLUT,San Diego,508936.0,United States of America,American Eagle Outfitters,Uszguzjwu,Sqwtkjenrhqjzembqhivkclz,h,F,ljzlzxwebaeodpkiimvwkhibsevglnavdjtmcntbpwcuwppjyrsidiovydtstb,cdcfav,OH,1-111-075-3723
YTH4952,ygygkdwhhwmghblmyndptzrosuweqfjhet,St. Catharines,470109.0,United States of America,BJ's Wholesale Club,YTHEHL,Cwbtdbhuebfmstkwrw,j,,AULAKNUCMXFJVAI,DYWUEY,TX,1-995-300-8739
Hnl5073,Nvhdavrubspkpqtgahxwclvcy,Inglewood,2645367.0,United States of America,R.H. Donnelley,Hnlnlzgadhmfwwgptrdktrzgbf,Kcfrmajcdfbijvmy,,M,HUCKNFMKAVMRIRZ,dgkjvzgkg,Saskatchewan,1-669-757-6747
tns5156,PPWZVLVIJWOUFVWZLYPEWAKRCGUCUUJJBPDJOHVHNSPO,Chicago,1062995.0,United States of America,Buildings Materials Corp.,tnsxth,Jrlywhtrwdjzwvzmdqjlsx,,F,GNPYVXMDDGFNRJHDPBUSSCZQ,Kiwmozrkfz,Saskatchewan,1-757-703-9681
jlt5215,PSOBMXUGOTBWTBTGHG,Edmonton,228730.0,,Telephone & Data Systems,jlteoggrnpobsogrghv,UOGBHVCQYPBSZXXIQKJOW,J,,Hotwbeyujqfluygveilngbginevjqpxfnq,Ixbbwawn,CO,1-901-669-0908
ykv5246,Jfebvioyvxyazjyn,Garland,390153.0,United States of America,Berkshire Hathaway,ykvtzurgqqhoeowhorjujdidalrbj,Fejgpfgqevzwiwe,z,,KPYRHCIXKILKQSDXQXOPXGUJDUCQO,XWKWDUVOCZKD,IN,1-057-384-1396
gdz5331,DKKNYFGWNLPQWXVKECFMUCKJUVSNMPJEPIT,Memphis,2831356.0,United States of America,Calpine,gdzqldzmpquuucg,Zvknx,t,,Yymszthnqlnqyhfzvfzwa,Cidlghq,TN,1-967-079-6253
NBO5425,jenvikbjsdnsvzpildqvrxulnrlvfrfgvfbikpkkswichfjtllnckew,Savannah,708356.0,Canada,CommScope,NBOQHTAXKINNKHFETFCU,LVMQBRVPVXZPQVDEABNINUBSLADE,t,,fvdvfsxhbwyeenlbsrzuuqbqieubbbjqtnseogydmkhvvdsrlxsxyptmch,gyigyehw,MN,
KFT5498,LASVVRVHKUMLEPEHFCZTXAEEUCKPJZJXDRK,Spokane,2993705.0,United States of America,Reliance Steel & Aluminum,KFTFNBVAQGQKVDISGCD,wpsjxjfqigcrzuuqfdlzxufvqti,B,m,Uubslmeqyiylhdzvndmvxbqxselulpdjskekhac,Behtpv,Quebec,1-188-235-6615
Mcl5551,Fskrommjcqjkodz,Miami,2961107.0,Canada,MPS Group,Mclurdsmjirewkckr,iblegikv,,m,Ohbhsikemecvyiajfafhenlwaxvvfdcumhuzxvbnihozjqyvljmthrahpktqymkmgcdhbroyqruafvbq,LSGDWXXO,RI,1-253-162-3690
Wpl5727,edvccmrurkreengrvqtasudevvcl,Allentown,2497821.0,,Holly,Wplfqgwfiruaobmivfbrnk,Lixelqavfnhrjikiatnxadbjzkvw,E,M,VTWVVKPGS,Xhuivx,NJ,1-817-078-8020
the5753,Ytfnyqdyiamxdblro,Ann Arbor,2945807.0,United States of America,Kraft Foods,themerazogddazied,Yzwhwnqzgta,D,,qsgedxlezabyntuetawgjwqhyzualjgjzyewvplmrwqcawuq,abaag,VT,1-947-549-5163
Jhe5779,Rtjohqidpdo,Charlottetown,3561382.0,United States of America,W.R. Grace,Jhevhqsnejvox,FJSAKNRGVVRBILDNILSVSOSOKLFC,m,,HWIAXOQMTPORZDTBFBGJLOTRIAXGTMDKSEUIOMJCALJDRTBKNJCESKKJZVGAKUEEEYLJVTMOETLEME,Oqqidyxs,FL,1-964-442-0566
elz5873,Ivhxuvksrkofqnmqkpblylhhpkbgpikevhmzqkywflbuaddnwjytpvknlzqli,New Haven,546973.0,United States of America,Sanderson Farms,elzhhjxxoyimurcntbrgue,Ncputqewohoiazebg,,F,Xyxdhnridgvlbjlxphrqyyntuwykefhfhlejdzrsxoqtpkjtjlrctlkbgqpvxnler,Tocdzt,NC,1-213-492-0206
kkx5985,Pctwqwyqskapesqifwhkemizmbnlzyaitpuldboei,Berkeley,,United States of America,LifePoint Hospitals,kkxamohwoyailmbj,yewixmdus,,m,NQCLPDCDGVGBEFEFZBEECFNRWWMZCELT,Rklhgkdq,UT,
Xtp6042,bhhuvrzcujbupwwodomrfunsymfmccsyxwiueglxiwpilvppxajtnjefbjyvnjlpzkojvkcuqdmqkur,Thousand Oaks,1548310.0,United States of America,Hill-Rom Holdings,Xtpafjcpibnrtrbvvf,ZRZLMLDQSRLA,c,m,KEBMNKMLOSCGSWYSZEMEAUVLQFGHIQYHLSBMDNKYGPLWEZYUTNRNBPJLIIHSJELOPIFXHLUFQIHFMS,ibgkddhejuka,HI,1-194-259-6261
Xsb6076,rbwhbny,Carrollton,363114.0,United States of America,NTK Holdings,Xsbffwqjpyqsltqrr,NIVCCWMASHCW,H,,ZUKZVAWXIXA,eptkmqhdpv,NH,1-245-331-4931
Vel6083,Dzqepldsszkrdpgafsmuohjqqtjdmswgpncuwwsqkxskvuednydknscrsppfmdnzb,Atlanta,2006916.0,United States of America,Alliant Energy,Velmwadtiy,vtwnwdafmzlvozjwhwgiaximvyrqso,d,,PDHHJAMV,Qdsmciqjm,AL,1-115-338-8148
Xuc6225,AFNTVBLRGELSZGBQBPEKIHWPZEWTODEQRRP,Providence,904387.0,Canada,Pilgrim's Pride,Xucbgtynarvqvgbortywovilwi,ytizmtfhbrwygkcpiuixsy,,,GZHJWJXSSFHUL,nrlhr,VT,1-832-565-0702
Zrk6263,Invrvahpylfbmuikjfmigjurqzuovdgjjgwukwwdofqf,Tulsa,3510023.0,United States of America,Monsanto,Zrkuobqusxs,Yyetziuznzaozkvt,,,Otafhmfgoqtxojgpmkfddhwtndcjhlisubt,Jqkwfbpujvn,NH,1-131-141-6157
ufp6341,gquajwtkdprqytdbjeyeqofyoxxlrbqeiyvpwwvnjhpzhdzwpepowcaxgdhxdmsmucstdrssblv,Riverside,1181474.0,United States of America,Tyson Foods,ufpsol,TETWMLQXYQHIZAJNLNL,u,,Ptklvbywvba,Bezufzk,NH,1-736-279-0553
Vvv6610,Ajwiyowvaikldfsowemhmncnvtrhvfsqqi,Columbus,2050148.0,United States of America,Goodrich,Vvvtcddmyguezxfeguebioja,Uoxmwvcopbvdqfgblz,y,,Wlvybamrkmydtnarzuexntwaeorbgoniiqponugwdcptknsbvanelbqeklbicwvnaqkiakuwq,,New Brunswick,1-865-361-9395
omc6620,Wkzmbgglvtfhbu,Anchorage,3014807.0,United States of America,Auto-Owners Insurance,omcwigjwkmdtblp,STKSJRYYVVJBFMKXSACLLYXEMOX,,m,lxwkkkyhuttlelwudbqghcwgwhjaezregbxpyaesevcaqbjbwiukiq,Bzmdrhtjn,ID,1-836-113-4994
Bwc6639,PCESCVQLPZEANVZGNIKJOCNQUSPAPOMAFNIPXESXHSMNDLFSXJLPFGCWAT,Erie,1149966.0,United States of America,Roper Industries,Bwculhdqszgnc,Lsiqkgbwdigdbqamzwulfqeps,,f,Seilsrjb,JXMBZQSHSLB,WV,1-169-644-0187
Yux6803,Stlwhrmszxuhfunvxuxbtiramjceubmdaxmcwuqrrbholvbrhfnmqrutof,Yellow Knife,2680913.0,United States of America,CA,Yuxxr,QBEIRQMGVF,,,SWUALLJUUJOCVDPMOFVHWUPPFAICEGQOAGJTNHSJKWNPFRHPQIXKJXASNGGCCPN,Apewuvg,VT,1-710-647-6861
Wmb6842,nxmifmlsjguvynypcidpuhpntpvspssoejnqitbugpvmqaonxzc,Arlington,,United States of America,WGL Holdings,Wmbyq,Wtcviciljgenqje,A,f,ISZPCOFKPXDZCHZPCGYMRIQH,XXYXDW,NC,1-584-224-0824
Vws6951,Vbmfkrqyljfhfydbesqpgixirwertd,Regina,3765194.0,United States of America,Spectra Energy,Vwsesrcuq,ASMBWGSJJ,G,,tztsrzbhutxy,Ifstorwqgm,VT,1-725-763-2596
Ijt7015,Zclrgjhzeugrifkwqmfaanla,Providence,3470844.0,United States of America,J.M. Smucker,Ijtoee,Fpygaob,,,VZWIRBYGBTQJWNDIMFUGCHFVMEIAMAJVBZBFCKPZFAGOCNYSKPIBZRSXPVYVNEIWJNQULIPMWLMXMNHG,Nhlgdxedbpme,Nova Scotia,1-170-593-8432
Ngv7068,Slfzarexmtalgfnaluhdqrbpwshfrqkfapcrxibqxohkdghbtbahegjjeoosbezayrqnkvfzgrxn,Pueblo,921227.0,United States of America,Country Financial Services,Ngvnswvxwdukzmpmhrrjmjphquap,kconyemepudbamkpazxvxkgtpneop,,M,Xpljcwguihbnaprstpygodsvbsogcdxylrkhmjmjbvnhjgsrypppkspliryhmymjskaqosdfnyldzpd,Qwallozjzfl,Newfoundland,1-823-049-3513
JMC7107,Jguinppekjarmwbinyflpnmvtoexpqfdfguqu,Flint,353120.0,Canada,Best Buy,JMCRJRDZITBPDGKXHIIANKDZFJX,wzbaogabhvyanb,,,FSINLUZAAKKGCOOJNZKQ,Cosnoypyfgd,MA,1-694-031-5319
heh7130,jigwizmlcltxngvrnavtgfzxmmeormtmupbsktdptujajxjonhsxulayqrbkfe,Torrance,246840.0,Canada,Pepco Holdings,hehwwwtceerrwijpvfbeiwi,Ulgcnbfqjcpp,q,,CYEDXQOYDQDRWGAK,LGLJBXLL,DC,1-522-656-1159
Xow7263,Ngtmddzbuvdwwhfpehoxcqcmvllifyouommtjlonb,Bellevue,2994819.0,United States of America,Cypress Semiconductor,Xowfx,VHADIPNEWPUSYHIKN,L,,Njidomzu,xdzuocaej,TX,1-669-992-3228
vuc7318,zkrxucbgudwzjbdi,Billings,2175928.0,United States of America,OfficeMax,vucrytje,qzmmcxwcjliczddkj,R,,amjeudkxbmsrphvymhmigbdzwsuemswlawcxqatqljslemsfzhxtqunhzjtbjjmf,ZVZAB,AZ,1-581-424-9200
